{
	"credit": "Made with Blockbench",
	"parent": "minecraft:item/handheld",
	"textures": {
		"layer0": "item/netherite_sword"
	},
	"display": {
		"thirdperson_righthand": {
			"rotation": [47, 90, 0],
			"translation": [0, 6.5, 0.75]
		},
		"thirdperson_lefthand": {
			"rotation": [-47, 90, 0],
			"translation": [0, 6.5, 0.75]
		},
		"firstperson_righthand": {
			"rotation": [-9, -79, 29],
			"translation": [3.5, 4, 0.25],
			"scale": [0.67, 0.67, 0.67]
		},
		"firstperson_lefthand": {
			"rotation": [-5, -79, -57],
			"translation": [3.5, 4, 0.25],
			"scale": [0.67, 0.67, 0.67]
		},
		"fixed": {
			"translation": [0, 0, 0.5]
		}
	}
}