{
	"credit": "Made with Blockbench",
	"parent": "minecraft:item/handheld",
	"textures": {
		"layer0": "item/netherite_axe"
	},
	"display": {
		"thirdperson_righthand": {
			"rotation": [-45, -90, 0],
			"translation": [0, 2.5, -0.25]
		},
		"thirdperson_lefthand": {
			"rotation": [-45, 90, 0],
			"translation": [0, 2.5, -0.25]
		},
		"firstperson_righthand": {
			"rotation": [-34, -95, -7],
			"translation": [3.75, 3.75, 0],
			"scale": [0.75, 0.75, 0.54]
		},
		"firstperson_lefthand": {
			"rotation": [-31, 95, -7],
			"translation": [3.75, 3.75, 0],
			"scale": [0.75, 0.75, 0.54]
		},
		"ground": {
			"translation": [0, 2.5, 0],
			"scale": [0.84, 0.84, 0.67]
		},
		"head": {
			"rotation": [0, -180, 160],
			"translation": [-7.75, 10.75, 0],
			"scale": [1.49, 1.49, 1.02]
		},
		"fixed": {
			"translation": [0, 0, 0.5]
		}
	}
}