{
	"credit": "Made with Blockbench",
	"parent": "minecraft:item/handheld",
	"textures": {
		"layer0": "item/netherite_pickaxe"
	},
	"display": {
		"thirdperson_righthand": {
			"rotation": [45, 90, 0],
			"translation": [0, 2.75, 0.5]
		},
		"thirdperson_lefthand": {
			"rotation": [-45, 90, 0],
			"translation": [0, 2.75, 0.5]
		},
		"firstperson_righthand": {
			"rotation": [47, 78, 3],
			"translation": [3.5, 2.75, 0],
			"scale": [0.84, 0.84, 0.52]
		},
		"firstperson_lefthand": {
			"rotation": [-31, 78, 3],
			"translation": [3.5, 2.75, 0],
			"scale": [0.84, 0.84, 0.52]
		},
		"ground": {
			"translation": [0, 2.25, 0],
			"scale": [0.84, 0.84, 0.84]
		},
		"head": {
			"rotation": [0, 0, -12],
			"translation": [-8.25, 7.5, 0],
			"scale": [1.31, 1.31, 1.31]
		},
		"fixed": {
			"translation": [0, 0, 0.5]
		}
	}
}