{
	"credit": "Made with Blockbench",
	"parent": "minecraft:item/handheld",
	"textures": {
		"layer0": "item/netherite_shovel"
	},
	"display": {
		"thirdperson_righthand": {
			"rotation": [45, 90, 0],
			"translation": [0, 2.5, 1]
		},
		"thirdperson_lefthand": {
			"rotation": [-45, 90, 0],
			"translation": [0, 2.5, -0.25]
		},
		"firstperson_righthand": {
			"rotation": [1, -87, 32],
			"translation": [2.5, 2.5, 0],
			"scale": [0.82, 0.82, 0.7]
		},
		"firstperson_lefthand": {
			"rotation": [1, 85, -32],
			"translation": [3, 2.5, 0],
			"scale": [0.82, 0.82, 0.7]
		},
		"ground": {
			"translation": [0, 2.25, 0],
			"scale": [0.91, 0.91, 0.76]
		},
		"head": {
			"rotation": [0, 0, -134],
			"translation": [1.25, 13.5, 0],
			"scale": [1.22, 1.22, 1]
		},
		"fixed": {
			"translation": [0, 0, 0.5]
		}
	}
}