{
	"credit": "Made with Blockbench",
	"parent": "minecraft:item/handheld",
	"textures": {
		"layer0": "item/netherite_hoe"
	},
	"display": {
		"thirdperson_righthand": {
			"rotation": [-45, -90, 0],
			"translation": [0, 2.5, -0.25]
		},
		"thirdperson_lefthand": {
			"rotation": [-45, 90, 0],
			"translation": [0, 2.5, -0.25]
		},
		"firstperson_righthand": {
			"rotation": [-27, -94, 0],
			"translation": [3.25, 2.5, 0],
			"scale": [0.78, 0.78, 0.78]
		},
		"firstperson_lefthand": {
			"rotation": [-35, 94, 0],
			"translation": [3.25, 2.5, 0],
			"scale": [0.78, 0.78, 0.78]
		},
		"ground": {
			"translation": [0, 2.25, 0],
			"scale": [0.71, 0.71, 0.71]
		},
		"head": {
			"rotation": [150, 90, 0],
			"translation": [0, 11, -8],
			"scale": [1.43, 1.43, 1]
		},
		"fixed": {
			"translation": [0, 0, 0.5]
		}
	}
}